Agent_ID,Agent_Name,Gender,Experience_Years,Branch,Specialization,Commission_Rate (%),Rating,Email,Phone,Sales_Target
A0001,Balveer Bobal,Male,19,Jaipur,Apartments,4.0,4.5,karanyatin@example.org,+912086035701,77
A0002,Nisha Mishra,Female,7,Chennai,Luxury Villas,3.0,4.2,asankaran@example.net,07515588214,46
A0003,Leela Nayak,Female,2,Bhubaneswar,Commercial,1.5,4.6,amara40@example.org,+910864973150,70
A0004,Urvashi Ganesan,Female,20,Hyderabad,Plots,4.5,4.9,lucky18@example.org,9614532052,51
A0005,Rohan Barman,Male,6,Delhi,Plots,2.5,4.2,jpillai@example.org,+910617836384,68
A0006,Chakrika Bora,Female,6,Patna,Industrial,3.5,4.2,chaudhurioni@example.org,+913537861139,59
A0007,Tanveer Dugar,Male,18,Bengaluru,Commercial,4.5,4.9,praneelloke@example.org,+917579581419,17
A0008,Anthony Sengupta,Male,1,Ranchi,Luxury Villas,2.5,4.6,darora@example.net,+911544452500,37
A0009,Hardik Rai,Male,7,Kochi,Plots,3.0,4.1,jkhare@example.net,05722337408,30
A0010,Simon Parsa,Male,18,Chandigarh,Luxury Villas,4.5,4.5,goeldiya@example.net,+914133583263,32
A0011,Mekhala Agarwal,Female,1,Bengaluru,Luxury Villas,1.5,4.1,sastryamrita@example.net,5311902438,25
A0012,Daksha Patla,Female,16,Kolkata,Industrial,5.0,4.1,bhatticharan@example.org,08105260612,54
A0013,Saksham Thakkar,Male,15,Delhi,Residential,4.0,4.4,zaitramunshi@example.net,+914749220218,21
A0014,Kamya Tiwari,Female,12,Pune,Industrial,3.5,3.5,yagneshchakrabarti@example.com,+917039987552,45
A0015,Aishani Sekhon,Female,18,Kochi,Plots,4.0,3.6,munitheodore@example.org,01995700463,64
A0016,Hredhaan Badami,Male,16,Lucknow,Commercial,4.5,4.1,nathaniel43@example.net,+910193903939,55
A0017,Yadavi Kari,Female,19,Bengaluru,Commercial,4.0,3.9,balazansi@example.com,6227890777,51
A0018,Yashica Sandhu,Female,11,Chennai,Luxury Villas,4.0,4.4,meghauppal@example.org,08730207606,27
A0019,Jeremiah Walia,Male,15,Bhubaneswar,Industrial,5.0,3.9,agrawalnachiket@example.com,7108291739,64
A0020,Nitara Dayal,Female,16,Patna,Commercial,4.5,3.7,samarthpall@example.org,1295691035,21
A0021,Aashi Chokshi,Female,5,Ranchi,Apartments,3.0,4.9,anandyashica@example.com,3192331592,55
A0022,Anjali Sani,Female,9,Bengaluru,Luxury Villas,4.0,4.2,tankjason@example.com,+914570477281,41
A0023,Ekapad Ranganathan,Male,13,Lucknow,Commercial,4.5,4.3,uchar@example.net,+917213357478,28
A0024,Gaurika Bandi,Female,14,Kochi,Residential,4.5,3.7,vbal@example.org,+915938183017,63
A0025,Qarin Trivedi,Male,18,Hyderabad,Industrial,5.0,4.1,gillnidhi@example.com,03978781342,68
A0026,Sudiksha Shere,Female,2,Ahmedabad,Luxury Villas,1.5,4.3,auroraoscar@example.net,03800412648,17
A0027,Baghyawati Kapoor,Female,20,Chennai,Apartments,4.0,3.8,bdua@example.net,+915089868656,70
A0028,Ishanvi Buch,Female,13,Jaipur,Residential,4.5,4.5,upasna68@example.com,08183252792,35
A0029,Yoshita Kata,Female,18,Bengaluru,Industrial,4.5,4.1,isinha@example.org,6209901467,39
A0030,Madhav Hans,Male,4,Pune,Residential,3.0,4.2,simon35@example.net,+914290168780,68
A0031,Farhan Ramakrishnan,Male,15,Patna,Apartments,4.0,4.1,bhandariadweta@example.org,3423225889,69
A0032,Bhavna Modi,Female,17,Mumbai,Industrial,4.5,5.0,rmane@example.org,1753073829,77
A0033,Dev Agate,Male,12,Patna,Industrial,3.5,4.3,bakhshiviswanathan@example.net,2988442943,55
A0034,Arjun Sangha,Male,12,Lucknow,Luxury Villas,4.0,3.9,umang57@example.org,+915085748197,45
A0035,Arin Krishnan,Male,5,Chennai,Industrial,2.5,4.6,tramanathan@example.net,+913871674125,68
A0036,Thomas Kala,Male,12,Lucknow,Luxury Villas,4.0,3.8,balayekavir@example.com,+910448052776,20
A0037,Charvi Chokshi,Female,7,Ahmedabad,Apartments,2.5,4.4,aishanibhatt@example.com,0696943978,68
A0038,Geetika Som,Female,18,Lucknow,Plots,5.0,3.5,ngaba@example.com,2246735919,60
A0039,Atharv Radhakrishnan,Male,19,Pune,Plots,4.5,3.8,amaira89@example.com,04292712996,23
A0040,Aradhana Mani,Female,1,Kochi,Industrial,1.5,4.4,vedantthaker@example.net,7827863991,25
A0041,Ekavir Menon,Male,11,Lucknow,Residential,3.5,4.6,david98@example.net,+912701740784,23
A0042,Ekapad Tak,Male,5,Patna,Industrial,2.5,4.4,snehashetty@example.org,1697535271,25
A0043,Hiral Maharaj,Female,13,Lucknow,Industrial,4.5,4.3,oshaparmer@example.org,+916085259484,21
A0044,Devansh Borah,Male,13,Chandigarh,Plots,5.0,4.2,nirjathakkar@example.net,4725561224,15
A0045,Chandani Prakash,Female,15,Bengaluru,Luxury Villas,4.0,3.7,bhavsargaurika@example.com,+917862555152,59
A0046,Leena Rana,Female,1,Bhubaneswar,Commercial,1.5,4.0,samuelmukherjee@example.net,4097600167,60
A0047,Saanvi Butala,Female,8,Chandigarh,Residential,3.5,4.1,yoshitawalla@example.org,04918735764,53
A0048,Sathvik Sood,Male,8,Ranchi,Apartments,4.0,4.7,ganga22@example.org,+910281600703,44
A0049,Amruta Chad,Female,20,Lucknow,Plots,5.0,4.4,xkala@example.org,00337344545,74
A0050,David Menon,Male,17,Chandigarh,Residential,4.0,3.6,nitaratalwar@example.com,06487296133,64
A0051,Wriddhish Dass,Male,2,Bhubaneswar,Plots,2.0,4.4,krishdutta@example.org,03767378733,46
A0052,Vedhika Dara,Female,3,Ranchi,Residential,2.5,4.1,shivani78@example.org,04103334409,79
A0053,Gaurangi Karnik,Female,11,Chandigarh,Luxury Villas,3.5,4.0,jack53@example.org,01619263666,42
A0054,Jalsa Chanda,Female,17,Lucknow,Apartments,4.5,4.5,gpillay@example.org,+913908327990,37
A0055,Jai Oza,Male,11,Lucknow,Plots,4.0,4.7,sgoel@example.net,+913458443150,49
A0056,Vamakshi Murthy,Female,15,Jaipur,Commercial,4.0,4.7,ronithmalhotra@example.org,+912955217544,21
A0057,Lavanya Ghosh,Female,7,Bhubaneswar,Plots,2.5,4.0,ishwar02@example.net,0221656462,21
A0058,Zehaan Bassi,Male,15,Bengaluru,Plots,4.5,4.2,logan42@example.org,+919007490173,46
A0059,Bhavini Suresh,Female,3,Chennai,Plots,2.0,4.4,ydoctor@example.com,09230473565,32
A0060,Niharika Bahri,Female,5,Bhubaneswar,Plots,2.5,4.7,madhavsekhon@example.net,+911018074605,63
A0061,Vrinda Gara,Female,7,Chennai,Commercial,3.5,4.1,zayan46@example.com,8276285207,31
A0062,Faris Ram,Male,14,Ranchi,Apartments,5.0,4.2,patrickminhas@example.net,+918672127916,18
A0063,Sai Chaudhry,Female,16,Kochi,Apartments,4.0,3.9,krama@example.net,+913575843227,72
A0064,Jagvi Mammen,Female,2,Kochi,Apartments,2.5,3.8,joshuaratta@example.com,+916591572658,52
A0065,Teerth Sibal,Male,10,Kochi,Commercial,4.0,4.6,matthewsandhu@example.net,03658879883,31
A0066,Kamala Saha,Female,15,Ranchi,Luxury Villas,5.0,4.8,prabhakarjasmit@example.org,00003769731,25
A0067,Nathan Modi,Male,11,Chandigarh,Industrial,4.0,4.3,swamyekta@example.com,+919673132483,79
A0068,Ronith Bhardwaj,Male,8,Jaipur,Residential,3.5,4.7,chameli42@example.org,+917200751699,23
A0069,Bhavika Tank,Female,9,Hyderabad,Luxury Villas,4.0,4.4,jairamaswamy@example.net,5314387493,79
A0070,Baghyawati Lanka,Female,7,Kolkata,Plots,3.5,4.0,dvarma@example.com,+918436191497,30
A0071,Lajita Borra,Female,6,Bhubaneswar,Plots,3.0,4.4,eborah@example.org,1348612552,56
A0072,Sara Patel,Female,16,Chennai,Commercial,5.0,4.9,bhavikabrahmbhatt@example.net,0409414637,28
A0073,Krishna Bir,Female,14,Ahmedabad,Apartments,4.5,4.3,xranganathan@example.net,5360077844,15
A0074,Baljiwan Lalla,Male,19,Patna,Apartments,4.5,4.9,ydivan@example.net,+918975715205,39
A0075,Nimrat Manne,Female,16,Chennai,Plots,4.0,3.3,mgade@example.org,+918629146624,22
A0076,Yochana Mukherjee,Female,7,Jaipur,Luxury Villas,3.5,4.6,michael20@example.net,02621052915,76
A0077,Bhavika Savant,Female,19,Ahmedabad,Plots,5.0,4.3,vincentvala@example.net,+918039196830,80
A0078,Raksha Saran,Female,2,Jaipur,Industrial,2.0,4.2,joshuaramesh@example.com,07193094568,53
A0079,Aachal Dutt,Female,17,Hyderabad,Residential,4.0,4.3,sanayatank@example.com,2859609721,36
A0080,Guneet Hayer,Male,15,Hyderabad,Apartments,4.5,3.5,kuruvillaarin@example.com,07581785961,34
A0081,Zashil Dora,Male,13,Mumbai,Plots,4.0,4.2,pallaviborde@example.org,03040868020,61
A0082,Anjali Deep,Female,2,Mumbai,Apartments,1.5,4.4,vinayapandey@example.com,4163530012,29
A0083,Wridesh Raja,Male,9,Hyderabad,Apartments,4.0,4.9,ntak@example.com,06370260984,64
A0084,Henry Rama,Male,19,Kolkata,Apartments,5.0,4.1,pallayuvraj@example.net,04144195282,80
A0085,Januja Prasad,Female,2,Hyderabad,Apartments,1.5,4.0,manyakrishnan@example.org,02528080849,37
A0086,Raagini Aggarwal,Female,9,Mumbai,Industrial,4.0,4.1,tanvi60@example.com,7263266022,70
A0087,Vrinda Morar,Female,3,Kochi,Apartments,2.0,4.7,pavani16@example.net,+915166912468,58
A0088,Kashvi Misra,Female,2,Chennai,Commercial,2.0,4.4,htailor@example.org,2007285328,41
A0089,Bhavika Dube,Female,4,Bengaluru,Industrial,3.0,4.1,zayyan37@example.org,6133965868,74
A0090,Suhani Master,Female,20,Chennai,Industrial,4.0,4.5,doshifalguni@example.net,9474271047,77
A0091,Upadhriti Warrior,Female,13,Chandigarh,Residential,4.0,4.3,matthewpatla@example.com,+915425584689,41
A0092,Ijaya Ratti,Female,15,Mumbai,Residential,4.5,4.7,gayathripai@example.org,+916266529256,44
A0093,Meera Krishnan,Female,6,Bhubaneswar,Residential,2.5,4.0,rmorar@example.com,9178534756,31
A0094,Lajita Prabhu,Female,19,Ranchi,Apartments,5.0,4.2,yatansheth@example.org,7413134543,55
A0095,Azaan Mitra,Male,19,Lucknow,Industrial,4.0,4.1,lchoudhry@example.org,04650989582,35
A0096,Ikbal Murthy,Male,10,Chandigarh,Commercial,4.0,3.7,yprakash@example.org,9601488558,33
A0097,Widisha Vora,Female,17,Pune,Apartments,5.0,4.4,pallavrinda@example.net,07445914850,73
A0098,Lakshmi Badal,Female,4,Chandigarh,Residential,3.0,4.4,chanakyakamdar@example.org,02904641809,45
A0099,Rehaan Bath,Male,3,Chandigarh,Apartments,1.5,4.3,peter79@example.org,+916531176718,40
A0100,Sathvik Dhar,Male,5,Chennai,Luxury Villas,2.5,4.2,hemanginiwalla@example.org,+918577499940,31
A0101,Ayushman Divan,Male,1,Kochi,Residential,2.5,3.7,ridhigill@example.net,7659421162,32
A0102,Kamala Kala,Female,4,Delhi,Commercial,2.5,4.1,neelimakrishnamurthy@example.com,8266942169,18
A0103,Udyati Prakash,Female,3,Ranchi,Plots,1.5,4.2,harita82@example.net,04762772171,26
A0104,Netra Tata,Female,19,Ranchi,Apartments,5.0,4.0,tamanna47@example.net,6431972020,71
A0105,Chameli Mammen,Female,16,Ahmedabad,Apartments,4.0,4.2,yagneshjoshi@example.org,+915763210033,36
A0106,Pranit Mallick,Male,18,Chennai,Luxury Villas,4.0,4.5,rdube@example.net,1867179988,34
A0107,Nihal Ray,Male,19,Patna,Commercial,5.0,5.0,eshroff@example.org,05807048278,53
A0108,Deepa Nigam,Female,11,Ahmedabad,Residential,4.0,4.4,krishnabrinda@example.net,+910366476299,53
A0109,Adya Kant,Female,20,Chandigarh,Apartments,4.0,4.4,vchhabra@example.org,3388022055,56
A0110,Samarth Nagi,Male,2,Lucknow,Residential,1.5,4.3,jchowdhury@example.com,7384866929,65
A0111,Jasmit Sethi,Female,19,Lucknow,Apartments,4.5,3.5,nazarethbahadurjit@example.com,05768860674,38
A0112,Kavya Chaudhuri,Female,9,Jaipur,Luxury Villas,3.5,4.3,oni95@example.net,2709367789,20
A0113,Darsh Manne,Male,2,Ahmedabad,Plots,1.5,4.3,warda03@example.net,+910700124928,41
A0114,Vansha Savant,Female,15,Lucknow,Plots,4.5,5.0,christopherrao@example.net,07102859650,56
A0115,Rajata Bali,Female,10,Delhi,Residential,4.0,4.2,hemangchaudry@example.com,5639195083,64
A0116,Pallavi Borde,Female,3,Jaipur,Luxury Villas,2.5,4.4,nicholasgour@example.net,+919096149340,49
A0117,Xavier Rege,Male,11,Hyderabad,Commercial,3.5,4.3,finnghosh@example.com,04593141686,76
A0118,Eiravati Mall,Female,9,Kochi,Residential,3.5,3.8,ypillai@example.org,+917989050547,78
A0119,Robert Loke,Male,7,Hyderabad,Commercial,3.0,4.8,samuelgopal@example.com,2392438288,43
A0120,Hemal Sarin,Female,19,Chandigarh,Commercial,5.0,4.6,hemani27@example.org,07202586689,66
A0121,Jeevika Biswas,Female,5,Jaipur,Luxury Villas,3.0,4.6,mkrishnamurthy@example.com,+918613269188,22
A0122,Xavier Apte,Male,6,Chandigarh,Industrial,3.0,3.9,dsingh@example.org,7348939130,60
A0123,Raghav Chakrabarti,Male,20,Bhubaneswar,Luxury Villas,4.0,4.9,shauryasethi@example.com,5493293530,18
A0124,Isaac Butala,Male,18,Hyderabad,Apartments,4.0,3.7,nayardominic@example.org,+913790089351,78
A0125,Raksha Atwal,Female,7,Ahmedabad,Commercial,3.0,4.5,ilala@example.org,4875021609,28
A0126,Veer Nayar,Male,17,Kochi,Luxury Villas,4.0,5.0,yochana48@example.com,08479439427,68
A0127,Theodore Bose,Male,9,Kolkata,Industrial,3.5,3.9,taraaishani@example.net,+919185571962,27
A0128,Anthony Parekh,Male,1,Ranchi,Industrial,1.5,4.1,lchoudhury@example.net,+913829242904,41
A0129,Manthan Purohit,Male,6,Ahmedabad,Plots,2.5,4.3,basaksudiksha@example.org,+919462210657,30
A0130,Suhani Golla,Female,6,Kolkata,Residential,2.5,4.1,mitterhredhaan@example.com,+914280306305,73
A0131,Nathan Hora,Male,12,Bhubaneswar,Industrial,3.5,3.7,vartymanan@example.com,+914773034197,74
A0132,Nakul Sura,Male,8,Kochi,Luxury Villas,4.0,4.3,dhillonridhi@example.net,+914127058763,33
A0133,Chandresh Mitter,Male,20,Lucknow,Plots,4.5,3.9,widisha02@example.net,7954936790,61
A0134,Vedhika Modi,Female,2,Delhi,Apartments,1.5,4.5,krishronith@example.org,2317810479,25
A0135,Samar Shroff,Male,2,Ranchi,Industrial,2.0,3.9,ibhargava@example.net,02937683357,32
A0136,Mohammed Padmanabhan,Male,4,Delhi,Luxury Villas,3.5,4.9,tanksaksham@example.com,+916005583026,59
A0137,Xiti Ravel,Female,12,Chandigarh,Plots,3.5,4.0,comarlohit@example.org,+919579414601,21
A0138,Balveer Varty,Male,14,Patna,Commercial,4.0,4.2,basakwridesh@example.org,4980595082,28
A0139,Anthony Pillay,Male,15,Kolkata,Luxury Villas,4.0,4.6,agrawaltanay@example.org,+917484196105,31
A0140,Michael Chana,Male,11,Mumbai,Apartments,3.5,3.8,kiaan75@example.com,+910186035057,52
A0141,Urvi Kari,Female,6,Kolkata,Plots,3.5,4.4,suhanisampath@example.net,05726373207,22
A0142,Abeer Modi,Male,12,Mumbai,Luxury Villas,3.5,4.8,chokshichasmum@example.com,9841666905,34
A0143,Dominic Doctor,Male,8,Patna,Commercial,4.0,3.7,mekhala33@example.net,+916519535105,76
A0144,Yasti Grewal,Female,7,Hyderabad,Luxury Villas,2.5,4.4,kapadiayashawini@example.com,+911542358706,76
A0145,Ayushman Kothari,Male,9,Patna,Apartments,4.0,4.4,baljiwanramakrishnan@example.org,+914508483123,72
A0146,Yashica Karpe,Female,17,Pune,Industrial,4.5,4.6,rsampath@example.net,+911505672702,31
A0147,Ekani Datta,Female,16,Mumbai,Commercial,5.0,3.8,qasimdin@example.org,+918629420765,50
A0148,Wriddhish Gara,Male,10,Bhubaneswar,Plots,3.5,3.8,bajajaahana@example.org,08095700247,38
A0149,Harshil Dutt,Male,6,Kolkata,Plots,2.5,4.5,zilmildevan@example.com,+913067661790,23
A0150,Janani Natarajan,Female,11,Jaipur,Apartments,4.0,4.4,hamsini92@example.com,2370198799,43
A0151,Kalpit Bhasin,Male,3,Lucknow,Apartments,2.0,4.4,dratti@example.net,05226579055,77
A0152,Anvi Ray,Female,19,Jaipur,Luxury Villas,4.5,4.4,dubebenjamin@example.com,06120078742,46
A0153,Yashawini Rattan,Female,19,Hyderabad,Luxury Villas,4.0,4.0,abeerbobal@example.net,+910508383663,39
A0154,Udarsh Chad,Male,18,Patna,Commercial,4.0,4.4,laban06@example.org,00090092185,27
A0155,Azaan Agate,Male,15,Pune,Commercial,5.0,4.4,upmadara@example.org,09101513948,43
A0156,Jairaj Nagi,Male,12,Kochi,Residential,3.5,4.0,xchaudhary@example.net,4955968149,55
A0157,Yachana Khosla,Female,3,Kochi,Residential,2.0,5.0,aryanhans@example.org,01382173897,53
A0158,Aarna Guha,Female,16,Mumbai,Residential,5.0,4.5,dsahni@example.org,5297160403,67
A0159,Brijesh Pillai,Male,12,Jaipur,Apartments,4.0,3.8,varghesereyansh@example.org,05660268598,38
A0160,Kamya Sheth,Female,1,Kochi,Plots,2.0,4.6,lakshupadhyay@example.net,+918745820259,67
A0161,Watika Venkatesh,Female,19,Kolkata,Plots,4.0,3.9,ssachdev@example.net,8920847242,38
A0162,Fitan Dasgupta,Male,17,Hyderabad,Plots,4.5,4.6,sakshamchandra@example.net,+918789021883,57
A0163,Rajata Kapadia,Female,17,Ranchi,Industrial,5.0,4.8,gillraagini@example.net,9511003976,17
A0164,Samuel Chaudhari,Male,12,Ranchi,Commercial,3.5,4.0,qsubramaniam@example.org,+910164272535,62
A0165,Tara Murthy,Female,7,Chennai,Residential,3.5,4.7,geetikaseth@example.org,9840779718,57
A0166,Udarsh Date,Male,18,Kochi,Residential,5.0,4.5,ethanmutti@example.com,+915744178655,19
A0167,Saksham Bhatt,Male,10,Lucknow,Apartments,3.5,4.6,azaannair@example.com,1633154348,69
A0168,Tanmayi Narasimhan,Female,4,Kolkata,Luxury Villas,2.5,5.0,dasvictor@example.com,04701084499,45
A0169,Ekiya Parmar,Female,15,Chennai,Apartments,5.0,4.2,lswaminathan@example.com,02124257285,78
A0170,Ekalinga Koshy,Male,17,Mumbai,Residential,4.5,4.0,sgoswami@example.com,+913780849226,17
A0171,Charan Krish,Male,12,Hyderabad,Industrial,3.5,3.9,esundaram@example.net,+918863820460,42
A0172,Kalpit Kadakia,Male,7,Mumbai,Luxury Villas,3.5,4.0,varmayash@example.com,8455811073,33
A0173,Lopa Mann,Female,9,Ranchi,Plots,3.5,4.3,chatreshnagy@example.com,+914857881947,74
A0174,Ikbal Mital,Male,11,Kochi,Plots,3.5,4.4,lsaran@example.com,2399573865,26
A0175,Ekantika Bakshi,Female,6,Pune,Commercial,2.5,4.4,faqidkarnik@example.org,3371842670,40
A0176,Devika Shere,Female,1,Kolkata,Luxury Villas,2.0,4.6,dassgunbir@example.com,6980970790,75
A0177,Samarth Kannan,Male,18,Kolkata,Luxury Villas,4.5,4.3,rmaster@example.com,01191847583,73
A0178,Upasna Bhattacharyya,Female,1,Kochi,Industrial,2.0,4.9,vaidyapranav@example.com,+910823192267,46
A0179,Vrinda Borde,Female,5,Ahmedabad,Residential,2.5,4.2,samarbawa@example.org,+911014838838,37
A0180,Viraj Rana,Male,6,Ahmedabad,Industrial,3.0,5.0,mohammednarula@example.org,+915026881642,44
A0181,Liam Palla,Male,17,Bhubaneswar,Industrial,4.0,4.6,deolgautami@example.com,3309380537,15
A0182,Anmol Natt,Male,15,Pune,Plots,5.0,4.0,lkhurana@example.com,+914799868661,26
A0183,Jeremiah Dixit,Male,5,Bhubaneswar,Industrial,3.5,3.9,nigamchasmum@example.com,01772861939,57
A0184,Kritika Divan,Female,12,Pune,Plots,3.5,4.5,dmall@example.org,4941225606,52
A0185,Chaitanya Bajaj,Male,11,Bengaluru,Industrial,3.5,4.2,cbuch@example.com,+910151876762,48
A0186,Jatin Bumb,Male,13,Mumbai,Residential,5.0,4.6,tbatra@example.org,+912426341925,52
A0187,Samaksh Soman,Male,12,Mumbai,Plots,3.5,4.5,chaudhryekiya@example.org,05038426554,65
A0188,Chanchal Sachdeva,Female,13,Jaipur,Luxury Villas,4.5,4.3,nchandra@example.net,+916307649146,42
A0189,Priya Chaudhary,Female,3,Kochi,Plots,2.0,4.0,kalitapriya@example.com,07643655827,54
A0190,Frederick Krishna,Male,12,Ranchi,Commercial,3.5,3.7,hansarin@example.com,5462558948,31
A0191,Chandresh Rajagopal,Male,16,Mumbai,Residential,5.0,4.1,qnagy@example.com,03322283842,58
A0192,Azaan Nadig,Male,7,Delhi,Plots,2.5,4.6,omyamodi@example.org,6654353189,49
A0193,Maanav Ramanathan,Male,9,Kochi,Luxury Villas,3.5,4.4,loganpadmanabhan@example.org,00870199347,66
A0194,Krisha Dua,Female,20,Kolkata,Apartments,5.0,3.8,jaggianusha@example.com,01823518862,19
A0195,Balhaar Saraf,Male,19,Ranchi,Industrial,5.0,4.4,banjeetramakrishnan@example.org,0810654608,27
A0196,Hema Bhat,Female,15,Hyderabad,Residential,4.5,4.5,nborra@example.org,8845077687,73
A0197,Wakeeta Balakrishnan,Female,8,Kochi,Luxury Villas,4.0,3.9,mdutta@example.org,+919684413102,37
A0198,Kashvi Ben,Female,17,Kochi,Luxury Villas,5.0,4.4,rpathak@example.net,8381074731,39
A0199,Krishna Ramanathan,Male,5,Delhi,Apartments,3.5,4.3,magarridhi@example.com,02186986434,52
A0200,Aarini Sem,Female,10,Delhi,Industrial,4.0,3.8,lshanker@example.net,02106179908,68
A0201,Umang Bassi,Male,13,Kolkata,Luxury Villas,4.0,4.4,singhurmi@example.com,+918718765429,26
A0202,Chaaya Wason,Female,11,Bhubaneswar,Residential,3.5,4.5,rachit52@example.org,+916271178196,26
A0203,Kiaan Raval,Male,17,Chandigarh,Luxury Villas,5.0,4.7,sampathishwar@example.net,3900249833,46
A0204,Ryan Char,Male,17,Ranchi,Residential,4.5,4.7,sacharturvi@example.net,+915962200519,24
A0205,Lakshit Sama,Male,18,Ranchi,Commercial,4.0,3.7,gaurang68@example.org,03221738553,18
A0206,Bahadurjit Pathak,Male,6,Ahmedabad,Industrial,2.5,3.9,sanghajonathan@example.net,9538470588,70
A0207,Ansh Bhardwaj,Male,3,Mumbai,Apartments,1.5,4.5,adityatella@example.com,+919685611712,53
A0208,Sai Sarin,Male,3,Kolkata,Industrial,1.5,4.5,tamanna45@example.org,3115906168,38
A0209,Osha Goda,Female,7,Jaipur,Apartments,3.0,4.5,kalaravi@example.com,+913493686811,54
A0210,Netra Nayak,Female,10,Bengaluru,Residential,3.5,5.0,oakdaksh@example.net,+913994259103,74
A0211,Dalbir Nagarajan,Male,15,Bhubaneswar,Plots,4.5,4.5,naveensekhon@example.org,03801785954,64
A0212,Manya Srinivas,Female,14,Kolkata,Commercial,4.5,4.8,ahujapraneel@example.net,+917100199531,45
A0213,Gunbir Bhatt,Male,1,Mumbai,Commercial,2.0,4.7,harrison18@example.com,02865174741,59
A0214,Deepa Bhargava,Female,20,Kolkata,Industrial,4.5,4.6,pnair@example.org,06327948015,17
A0215,Nicholas Lata,Male,4,Hyderabad,Residential,2.5,4.2,mbadami@example.com,+918096734774,18
A0216,Udyati Sandhu,Female,1,Ahmedabad,Residential,2.5,4.6,oparmer@example.org,7843172785,35
A0217,Rajata Bath,Female,9,Chandigarh,Apartments,3.5,4.0,faqiddey@example.org,+919160260840,47
A0218,Darika Warrior,Female,17,Bhubaneswar,Commercial,4.5,4.2,bhattiethan@example.net,03743855853,74
A0219,Dayamai Chada,Female,14,Lucknow,Apartments,5.0,4.1,ucchal17@example.com,9232457219,61
A0220,Fariq Sarin,Male,8,Pune,Apartments,4.0,4.3,jmunshi@example.com,3926563994,33
A0221,William Nagarajan,Male,9,Delhi,Industrial,3.5,5.0,obiswas@example.net,+914716090846,75
A0222,Tristan Bera,Male,13,Bengaluru,Residential,4.0,3.6,nsura@example.net,7624009719,71
A0223,Raksha Kashyap,Female,18,Chennai,Residential,5.0,4.6,rmohanty@example.com,01164105520,49
A0224,Hemal Banerjee,Female,10,Bhubaneswar,Industrial,3.5,3.7,farajluthra@example.org,3654168929,17
A0225,Kiaan Ramanathan,Male,4,Patna,Commercial,3.5,4.1,sridharyuvraj@example.com,+910234811578,20
A0226,Aarav Wali,Male,14,Pune,Industrial,4.5,4.7,wsethi@example.org,03178144172,54
A0227,Ria Kata,Female,8,Pune,Residential,4.0,4.3,dayalcaleb@example.net,+914253431848,77
A0228,Zaitra Nori,Female,10,Bhubaneswar,Industrial,3.5,3.9,lallatarak@example.org,3246992307,22
A0229,Neel Bajaj,Male,9,Delhi,Plots,3.5,4.0,bakhshisangha@example.com,+916546264318,76
A0230,Onveer Sarkar,Male,14,Chennai,Luxury Villas,5.0,4.6,raoaarini@example.com,+910901362190,57
A0231,Oni Narang,Female,20,Pune,Industrial,4.5,4.0,dayaleta@example.com,+911741681034,56
A0232,Ijaya Bath,Female,15,Ranchi,Luxury Villas,4.0,4.4,manthanchana@example.com,08922246849,21
A0233,Garima Tata,Female,4,Bengaluru,Residential,2.5,4.3,panchalgaurav@example.com,+917884252805,41
A0234,Yasti Yadav,Female,14,Bengaluru,Plots,4.5,4.0,jmishra@example.com,01540094109,47
A0235,Jason Palla,Male,7,Mumbai,Luxury Villas,3.0,5.0,ukala@example.org,4815033465,45
A0236,Qushi Shroff,Female,3,Chennai,Residential,2.0,4.6,qarindave@example.com,+916441980497,71
A0237,Anusha Boase,Female,11,Delhi,Plots,3.5,3.5,bnagar@example.net,01049954804,32
A0238,Nachiket Grover,Male,4,Hyderabad,Plots,3.5,4.4,charishwar@example.org,+911091212117,24
A0239,Baghyawati Nazareth,Female,1,Hyderabad,Residential,2.5,4.0,mayakeer@example.net,06578193507,61
A0240,Manbir Varma,Male,4,Chennai,Industrial,3.0,4.6,qushiperi@example.org,+919607459806,31
A0241,Chaitanya Konda,Male,15,Bengaluru,Apartments,5.0,4.0,hdeep@example.net,+912157925681,31
A0242,Samarth Ganesh,Male,5,Ahmedabad,Plots,2.5,4.3,diptaprasad@example.org,00245808168,41
A0243,Mekhala Ganguly,Female,5,Chennai,Residential,2.5,4.5,periqarin@example.net,1206472804,16
A0244,Gaurav Rai,Male,14,Chandigarh,Industrial,4.5,4.6,dugalkritika@example.org,+918868800827,69
A0245,Kavya Magar,Female,8,Mumbai,Commercial,4.0,3.8,yagnesh83@example.net,3920335743,27
A0246,Charles Ram,Male,3,Ahmedabad,Apartments,1.5,4.2,bassibhavya@example.net,2129064840,21
A0247,Aadhya Mody,Female,5,Lucknow,Industrial,3.5,4.1,sanyadhingra@example.org,+914504622234,73
A0248,Viraj Mangat,Male,5,Ranchi,Plots,3.5,4.0,fchandra@example.com,9433030133,76
A0249,Qushi Wason,Female,13,Bhubaneswar,Commercial,5.0,5.0,ikbalvala@example.com,+915864302959,34
A0250,Charvi Bhagat,Female,13,Kolkata,Commercial,4.0,4.5,rsachdeva@example.net,+915453955459,65
A0251,Udarsh Sane,Male,20,Ahmedabad,Luxury Villas,5.0,3.8,dnigam@example.net,7943582397,22
A0252,Wriddhish Chadha,Male,18,Ahmedabad,Plots,4.0,4.7,panini60@example.org,5295455199,37
A0253,Chandani Nadkarni,Female,11,Ahmedabad,Plots,3.5,5.0,nrau@example.com,09215406966,50
A0254,Libni Prakash,Female,11,Patna,Commercial,4.0,4.7,jbir@example.com,01483951330,65
A0255,Omaja Samra,Female,18,Pune,Industrial,4.0,3.7,ekaninadkarni@example.net,01785338607,68
A0256,Ekansh Chokshi,Male,18,Mumbai,Residential,5.0,4.1,devbanerjee@example.net,4073026627,45
A0257,Baljiwan Dewan,Male,11,Mumbai,Industrial,4.0,4.8,shahrehaan@example.org,+916744628776,68
A0258,Anay Yadav,Male,15,Ranchi,Plots,4.5,4.0,garganya@example.com,+912953892304,29
A0259,Yoshita Bose,Female,13,Hyderabad,Industrial,4.5,4.5,gsarma@example.net,9506697450,15
A0260,Jonathan Chokshi,Male,9,Kochi,Apartments,3.5,4.6,goswamiindali@example.net,02180785971,61
A0261,Eiravati Ramesh,Female,12,Hyderabad,Industrial,4.0,3.9,chavvigera@example.org,5689349983,31
A0262,Hema Nigam,Female,18,Chandigarh,Luxury Villas,4.5,4.3,pranitnadkarni@example.org,3352036419,16
A0263,Amruta Dugal,Female,9,Ranchi,Apartments,3.5,3.0,psubramanian@example.net,+918489801888,79
A0264,Tara Nayak,Female,6,Ranchi,Industrial,3.0,3.9,xtata@example.org,02752928531,41
A0265,Ishita Mani,Female,17,Bhubaneswar,Plots,4.0,4.2,datewaida@example.net,+917645208192,55
A0266,Aarush Radhakrishnan,Male,13,Jaipur,Residential,4.5,3.8,aghose@example.com,+910719452430,32
A0267,Nathaniel Shere,Male,6,Chandigarh,Commercial,2.5,5.0,aarna42@example.net,3307649193,39
A0268,Banjeet Kalita,Male,3,Lucknow,Plots,2.0,3.7,adin@example.com,02097829978,55
A0269,Aarnav Ray,Male,10,Bengaluru,Luxury Villas,3.5,4.1,jcherian@example.net,+917642107340,32
A0270,Turvi Devan,Female,12,Delhi,Industrial,4.0,4.4,hredhaan08@example.net,+912414452608,67
A0271,Amol Manne,Male,5,Kochi,Commercial,3.0,4.9,samuel43@example.com,02207397622,33
A0272,Indali Kala,Female,11,Patna,Industrial,3.5,3.7,bishakha94@example.com,05137968124,52
A0273,Dipta Thakur,Female,13,Pune,Plots,4.0,4.8,kadewahab@example.org,+915009671100,16
A0274,Samar Brahmbhatt,Male,6,Delhi,Commercial,2.5,4.3,vmutti@example.com,09506795477,42
A0275,Wriddhish Pant,Male,12,Kolkata,Apartments,4.0,3.9,hemanginimenon@example.org,04697590994,46
A0276,Yashvi More,Female,8,Ahmedabad,Luxury Villas,4.0,4.5,thamanaryan@example.com,+914618937128,40
A0277,Dipta Ravi,Female,16,Ranchi,Industrial,4.0,4.4,madhavikhatri@example.com,+917571377250,56
A0278,Chameli Chauhan,Female,2,Chandigarh,Commercial,1.5,4.1,wluthra@example.org,07699960501,20
A0279,Qabil Sunder,Male,6,Ahmedabad,Residential,3.5,4.3,qsheth@example.org,+911646690102,77
A0280,Watika Nadig,Female,15,Jaipur,Apartments,5.0,4.1,upkaar68@example.org,3723824734,19
A0281,Luke Bawa,Male,3,Lucknow,Commercial,2.0,4.3,xdeol@example.net,09749375648,37
A0282,Zashil Minhas,Male,14,Pune,Residential,4.0,4.6,bnarasimhan@example.org,+910031272435,48
A0283,Oscar Sundaram,Male,14,Kolkata,Industrial,4.0,4.9,chavvidhaliwal@example.com,+912582764434,45
A0284,Vasatika Jain,Female,17,Kochi,Apartments,4.5,3.8,darsh62@example.com,+912000094727,29
A0285,Lohit Maharaj,Male,3,Ranchi,Industrial,2.0,5.0,azadmittal@example.net,+912082116184,71
A0286,Yoshita Dara,Female,9,Chandigarh,Industrial,3.5,3.5,radha97@example.com,+911754896441,56
A0287,Ekaraj Ganguly,Male,16,Kolkata,Commercial,4.0,4.2,nchoudhury@example.org,02659063927,55
A0288,Darpan Sandhu,Male,14,Pune,Residential,4.5,4.5,bansaltamanna@example.com,9928017926,38
A0289,Jacob Bedi,Male,8,Chandigarh,Commercial,3.5,4.4,ochada@example.org,+918603696608,75
A0290,Eiravati Garg,Female,15,Ranchi,Residential,5.0,4.1,vzachariah@example.com,05247129969,28
A0291,Krisha Chad,Female,14,Chennai,Commercial,4.0,4.2,pallyachana@example.org,2731001093,67
A0292,Raghav Narang,Male,8,Bengaluru,Residential,3.5,4.1,jeremiahmallick@example.net,3912986740,74
A0293,Raksha Contractor,Female,12,Ahmedabad,Commercial,3.5,4.1,hkrishnan@example.com,02252802089,65
A0294,Zayan Viswanathan,Male,15,Pune,Plots,4.5,4.6,ymittal@example.net,+919718587791,52
A0295,Pranav Mukherjee,Male,14,Bhubaneswar,Residential,4.5,4.4,hdate@example.net,+915556996185,50
A0296,Chatura Arora,Male,18,Delhi,Commercial,5.0,4.0,ymani@example.com,+919495028872,23
A0297,Caleb Parikh,Male,8,Chandigarh,Commercial,3.5,4.7,balveer59@example.net,3932042595,44
A0298,Wridesh Nayar,Male,13,Ranchi,Plots,5.0,4.4,ghoshamruta@example.com,1532725154,42
A0299,Chanchal Lalla,Female,4,Chandigarh,Industrial,3.5,4.6,ivyas@example.com,03363236447,79
A0300,Gunbir Nayak,Male,17,Ranchi,Residential,4.5,4.6,deolupasna@example.com,7357657348,78
A0301,Harsh Virk,Male,7,Delhi,Apartments,2.5,4.0,rastogiudarsh@example.org,+916058699387,34
A0302,Lekha Rattan,Female,6,Bengaluru,Luxury Villas,3.0,4.1,nigamanmol@example.org,8087364070,18
A0303,Leena Vyas,Female,20,Delhi,Residential,4.0,4.6,nathaniel96@example.com,+916888844590,55
A0304,Akshay Balasubramanian,Male,10,Delhi,Commercial,3.5,4.5,rattarayaan@example.org,1169883065,21
A0305,Mahika Mani,Female,9,Kolkata,Plots,3.5,4.3,ssidhu@example.net,08171040195,48
A0306,Agastya Reddy,Male,11,Patna,Commercial,4.0,4.3,vcherian@example.org,6573702633,79
A0307,Yutika Chand,Female,2,Kolkata,Residential,2.5,4.8,daraashi@example.net,00065627416,34
A0308,Jai Sha,Male,1,Hyderabad,Apartments,2.5,4.1,ramachandrannilima@example.com,06292273464,24
A0309,Janani Tiwari,Female,11,Kochi,Plots,3.5,4.5,devanfiyaz@example.com,4205975410,49
A0310,Pahal Atwal,Female,5,Pune,Apartments,3.0,4.2,patrick15@example.com,4997458640,79
A0311,Aashi Dube,Female,3,Hyderabad,Residential,2.0,4.2,zkeer@example.com,3258177858,31
A0312,Michael Mittal,Male,2,Bhubaneswar,Commercial,2.5,4.7,max34@example.net,+911958682306,54
A0313,Yauvani Om,Female,2,Ahmedabad,Residential,1.5,4.6,sachdevjeevika@example.org,09869603433,31
A0314,Yash Bhalla,Male,18,Ranchi,Commercial,5.0,4.6,pavani25@example.org,07382092692,35
A0315,Shravya Shan,Female,5,Hyderabad,Apartments,3.5,4.8,ylad@example.org,07126037515,28
A0316,Devika Kothari,Female,19,Chandigarh,Residential,4.5,4.3,ttak@example.net,3779654602,66
A0317,Wahab Uppal,Male,18,Chennai,Residential,5.0,4.6,xkuruvilla@example.com,07571110040,55
A0318,Karan Om,Male,9,Bhubaneswar,Plots,4.0,4.2,rattaria@example.org,01745020714,52
A0319,Ubika Choudhary,Female,1,Bengaluru,Apartments,1.5,4.4,csekhon@example.net,03538213480,63
A0320,Zilmil Sarna,Female,19,Jaipur,Industrial,5.0,4.2,tdhaliwal@example.com,04382554833,80
A0321,Tamanna Bhalla,Female,5,Mumbai,Plots,3.5,4.3,chaudhariisha@example.com,01544668328,31
A0322,Ethan Sood,Male,17,Mumbai,Residential,4.5,4.5,nimratshanker@example.net,04571645510,28
A0323,Indali Kibe,Female,4,Bengaluru,Industrial,3.0,4.0,framanathan@example.com,+910871185729,17
A0324,Bachittar Goswami,Male,6,Kochi,Industrial,3.0,5.0,batraaarnav@example.org,+914496968539,38
A0325,Abeer Naidu,Male,16,Chennai,Commercial,4.0,3.9,sundaramgaurika@example.net,4040783930,43
A0326,Oscar Manda,Male,14,Hyderabad,Commercial,4.0,3.8,bhavanimurty@example.com,+916631236651,72
A0327,Vamakshi Mandal,Female,5,Lucknow,Luxury Villas,3.0,4.8,upadhritidutt@example.com,04820176062,54
A0328,Karan Gupta,Male,11,Mumbai,Industrial,4.0,4.6,tristansrinivas@example.net,+915483512838,25
A0329,Udarsh Varma,Male,14,Kochi,Industrial,4.0,4.5,urvi60@example.org,+917503001774,17
A0330,Mohini Kunda,Female,10,Chennai,Apartments,4.0,4.6,lhans@example.net,00371018928,77
A0331,Jhalak Sood,Female,3,Jaipur,Plots,2.0,4.3,kumerraagini@example.net,09474939442,59
A0332,William Rai,Male,12,Ahmedabad,Apartments,3.5,3.9,karbimala@example.net,04503191240,41
A0333,Chatura Dugar,Male,7,Mumbai,Commercial,3.5,4.3,wriddhish15@example.org,03276415336,17
A0334,Patrick Lalla,Male,9,Patna,Plots,4.0,4.0,modidaksh@example.com,08198827861,40
A0335,Abhimanyu Kapadia,Male,4,Kolkata,Industrial,3.5,4.7,mallickchanchal@example.org,2893355142,41
A0336,Rachita Choudhury,Female,2,Chandigarh,Residential,2.0,4.2,yashasvi25@example.org,01676187852,74
A0337,Charvi Chadha,Female,3,Kolkata,Luxury Villas,1.5,4.0,ksant@example.net,+917305863021,68
A0338,Karan Varty,Male,20,Ranchi,Commercial,5.0,4.2,oeshinadig@example.com,+910920109534,16
A0339,Upasna Pathak,Female,9,Kochi,Industrial,3.5,4.5,kpanchal@example.org,+919293488064,45
A0340,Daksh Sachar,Male,5,Kolkata,Plots,3.0,4.1,kalpitde@example.com,+914847876169,29
A0341,Yutika Balan,Female,15,Chennai,Industrial,4.5,4.0,sidhuronith@example.com,04433922164,23
A0342,Gopal Narayanan,Male,15,Patna,Commercial,4.0,4.4,daksheshmurty@example.com,4484808800,32
A0343,Victor Nath,Male,8,Kolkata,Luxury Villas,3.5,4.4,mitraqarin@example.org,02307698174,15
A0344,Ekaraj Dey,Male,10,Chennai,Industrial,4.0,4.1,cuppal@example.org,08156897157,60
A0345,Jagvi Bhardwaj,Female,10,Lucknow,Industrial,4.0,4.1,lilashah@example.com,1586559298,39
A0346,Yauvani Manda,Female,15,Chandigarh,Apartments,4.5,4.4,tborra@example.org,+911492763428,70
A0347,Krishna Anand,Male,2,Patna,Industrial,2.0,3.7,dghosh@example.net,03357611182,18
A0348,Zansi Kala,Female,14,Hyderabad,Residential,4.0,3.7,wadhwagirish@example.com,+914499378164,32
A0349,Priya Batra,Female,20,Mumbai,Commercial,4.0,4.0,vincent67@example.org,06563961554,54
A0350,Qushi Dhawan,Female,13,Ahmedabad,Apartments,4.0,4.2,xshankar@example.com,+914402498571,36
A0351,Qarin Sem,Male,6,Bengaluru,Commercial,3.5,4.4,aryanaveen@example.com,08632596230,60
A0352,Ishaan Mall,Male,5,Chennai,Plots,2.5,4.9,fchakraborty@example.com,6636331720,26
A0353,Vasana Chanda,Female,9,Bengaluru,Luxury Villas,3.5,4.6,sahotakrisha@example.com,5179546738,40
A0354,Tara Rana,Female,13,Kochi,Luxury Villas,5.0,4.2,osen@example.com,+915317588491,23
A0355,Oliver Tripathi,Male,14,Ahmedabad,Apartments,5.0,4.3,zilmilbhatia@example.org,+912060769161,53
A0356,Sarthak Dhingra,Male,18,Ahmedabad,Industrial,4.5,3.9,baralhenry@example.com,+916975624354,51
A0357,Yatin Rajan,Male,2,Lucknow,Residential,2.0,4.3,aaurora@example.org,+911105494108,33
A0358,Nandini Mishra,Female,1,Jaipur,Apartments,2.0,4.2,ramethan@example.com,03613264401,77
A0359,Warhi Verma,Female,11,Lucknow,Residential,4.0,4.4,chandani36@example.net,02444184346,18
A0360,Madhavi Barman,Female,13,Delhi,Luxury Villas,5.0,4.0,rishi89@example.org,+918287776657,31
A0361,Kabir Sama,Male,11,Mumbai,Apartments,3.5,4.5,daradayamai@example.net,+914909961277,37
A0362,David Sawhney,Male,18,Delhi,Luxury Villas,4.5,4.9,indiradyal@example.net,08535922235,39
A0363,Isha Boase,Female,19,Chandigarh,Residential,4.0,4.3,ctank@example.org,+912575895659,63
A0364,Samarth Mody,Male,17,Kolkata,Residential,4.0,4.5,vermawatika@example.com,2081067136,49
A0365,Reyansh Talwar,Male,18,Jaipur,Industrial,4.0,4.6,ikala@example.net,6342807798,74
A0366,Darika Mand,Female,19,Kolkata,Industrial,4.5,4.1,gmemon@example.net,5557681067,22
A0367,Yamini Lad,Female,12,Mumbai,Industrial,4.0,4.4,anthony89@example.com,+916583611952,51
A0368,Ethan Borde,Male,2,Bengaluru,Apartments,2.5,4.3,umang08@example.com,+912065155336,56
A0369,Anthony Oak,Male,17,Pune,Plots,5.0,4.3,rehaan06@example.com,00516209410,22
A0370,Krishna Halder,Male,12,Pune,Luxury Villas,3.5,4.0,hgupta@example.com,+914632115715,25
A0371,Krishna Kala,Female,18,Hyderabad,Residential,5.0,4.3,ryan51@example.org,4371980723,29
A0372,Dayita Ranganathan,Female,8,Chandigarh,Luxury Villas,4.0,4.5,shivani11@example.org,07629134875,72
A0373,Ekavir Kumer,Male,2,Kochi,Plots,1.5,4.9,hiteshmohanty@example.org,06321168359,71
A0374,Sarthak Bala,Male,1,Kolkata,Luxury Villas,2.0,4.7,indira21@example.org,04359122846,73
A0375,Veer Varghese,Male,15,Chennai,Apartments,5.0,5.0,anvikala@example.net,+917890350227,39
A0376,Ishwar Patel,Male,7,Patna,Apartments,3.5,4.0,vshenoy@example.com,02045496884,70
A0377,Oni Kara,Female,12,Chennai,Industrial,4.0,4.6,joshua68@example.com,+915974754268,51
A0378,Gabriel Chaudhari,Male,11,Delhi,Apartments,4.0,4.4,ryanhanda@example.org,+914159080802,45
A0379,Kavya Grewal,Female,18,Delhi,Apartments,5.0,5.0,samraishani@example.net,03293372642,57
A0380,Triveni Dhar,Female,10,Delhi,Residential,3.5,4.0,edhitha52@example.net,+911534977529,54
A0381,Hardik Kakar,Male,5,Ranchi,Industrial,3.0,4.0,onveer68@example.org,0836899401,19
A0382,Idika Saini,Female,10,Lucknow,Apartments,3.5,4.1,yachanadutta@example.com,09929054175,31
A0383,Eesha Sundaram,Female,20,Jaipur,Industrial,4.0,3.5,gauri79@example.net,08374762098,39
A0384,Ryan Nayak,Male,1,Bhubaneswar,Commercial,1.5,4.1,indrajit64@example.net,+919108442109,62
A0385,Noah Nagy,Male,19,Hyderabad,Apartments,5.0,4.0,chanakya54@example.com,1871028450,51
A0386,Parth Misra,Male,16,Mumbai,Plots,4.5,4.4,dateanita@example.com,3474095664,30
A0387,Logan Banerjee,Male,4,Kochi,Residential,3.5,4.4,isengupta@example.com,00980794370,38
A0388,Omisha Mani,Female,1,Hyderabad,Industrial,1.5,5.0,jagdish59@example.org,0290986782,69
A0389,Yatan Tank,Male,18,Pune,Commercial,4.0,4.7,kadakiadayamai@example.net,08646164396,40
A0390,Yatin Sawhney,Male,5,Jaipur,Luxury Villas,3.5,4.1,dalaja50@example.net,5109884689,67
A0391,Indira Chatterjee,Female,5,Chennai,Residential,2.5,3.9,basakwakeeta@example.com,+913600555935,17
A0392,Robert Mann,Male,17,Pune,Luxury Villas,4.5,4.5,bimala70@example.com,+916009522055,80
A0393,Vanya Goswami,Female,5,Bengaluru,Apartments,2.5,3.8,dalajagupta@example.org,1619896468,16
A0394,Oscar Seshadri,Male,4,Ranchi,Residential,3.5,5.0,ucchal39@example.com,09556082873,61
A0395,Zashil Kota,Male,3,Bhubaneswar,Commercial,1.5,4.8,praneelahuja@example.org,3530647940,56
A0396,Bachittar Mani,Male,10,Ahmedabad,Plots,3.5,4.1,kaulamruta@example.net,+919706627761,30
A0397,Om Misra,Male,7,Ranchi,Luxury Villas,2.5,3.6,ira75@example.net,4508954527,66
A0398,Jagrati Sane,Female,2,Chandigarh,Luxury Villas,2.5,4.8,falgunikala@example.net,8398458121,77
A0399,Viraj Kuruvilla,Male,3,Delhi,Plots,2.5,4.3,desaijasmit@example.com,07076741664,56
A0400,Harshil Handa,Male,9,Pune,Industrial,3.5,4.8,ramanathanwarjas@example.com,2668054439,21
A0401,Saanvi Sathe,Female,14,Chandigarh,Residential,5.0,3.7,spalan@example.org,03573597506,73
A0402,Anay Brar,Male,4,Chennai,Apartments,3.0,4.1,pahal45@example.com,+910977606369,53
A0403,Champak Doctor,Male,11,Kochi,Plots,3.5,4.3,hamsini04@example.com,2625257579,50
A0404,Widisha Amble,Female,13,Kochi,Commercial,4.5,4.3,ssrinivas@example.com,+910993332707,41
A0405,Siddharth Krish,Male,5,Delhi,Residential,3.5,4.1,lohit55@example.com,07103213483,39
A0406,Guneet Venkataraman,Male,16,Chennai,Luxury Villas,5.0,4.5,lramachandran@example.com,+915609584624,55
A0407,Mohini Manne,Female,13,Bengaluru,Luxury Villas,4.0,3.9,krishwidisha@example.net,+919333912312,62
A0408,Andrew Wali,Male,12,Delhi,Industrial,3.5,4.2,maneyug@example.net,8255903480,65
A0409,Noah Tripathi,Male,7,Pune,Apartments,2.5,4.3,hiral81@example.org,+911602998510,74
A0410,Jagat Mannan,Male,9,Kochi,Residential,4.0,4.5,gpalla@example.org,01412604210,63
A0411,Simon Dayal,Male,11,Jaipur,Plots,3.5,4.6,nidrasem@example.net,04094157200,31
A0412,Vedika Bala,Female,10,Ranchi,Industrial,3.5,3.9,adani@example.org,+919077262003,40
A0413,Priya Dutta,Female,9,Delhi,Plots,4.0,3.7,waidacomar@example.net,+911008526301,69
A0414,Vritti Menon,Female,9,Chandigarh,Luxury Villas,4.0,4.8,mahaltriya@example.com,7440359821,27
A0415,Ayush Guha,Male,20,Bengaluru,Plots,4.0,4.4,cpurohit@example.org,08213702526,46
A0416,Tanmayi Sen,Female,18,Bengaluru,Apartments,5.0,4.0,diyagour@example.com,00291487291,53
A0417,Theodore Gola,Male,13,Lucknow,Residential,4.0,4.9,udyatinath@example.net,03961043663,45
A0418,Advaith Grover,Male,14,Kolkata,Residential,4.0,4.3,manya13@example.net,1349143484,20
A0419,Rayaan Nagi,Male,11,Patna,Apartments,3.5,4.8,nbhargava@example.net,0332573382,74
A0420,Gaurika Borah,Female,19,Chandigarh,Apartments,5.0,4.3,eiravatithakur@example.com,+913626653237,61
A0421,Yashasvi Palla,Female,5,Kochi,Commercial,2.5,5.0,udant88@example.org,04511652109,50
A0422,Reyansh Chawla,Male,7,Lucknow,Commercial,3.5,5.0,guhaadvay@example.org,7735574975,21
A0423,Darika Kaul,Female,12,Kolkata,Plots,4.0,4.2,darsh36@example.org,08407681601,20
A0424,Maanav Jani,Male,2,Jaipur,Luxury Villas,2.0,4.7,omajadate@example.com,05891627883,43
A0425,Aadi Taneja,Male,3,Bhubaneswar,Plots,2.5,4.6,amol08@example.net,5788778024,39
A0426,Banjeet Ramaswamy,Male,15,Hyderabad,Commercial,4.5,4.8,aayush86@example.org,6141609283,37
A0427,Netra Kulkarni,Female,5,Lucknow,Industrial,2.5,3.9,santwarjas@example.net,02904523077,19
A0428,Kritika Konda,Female,9,Hyderabad,Industrial,3.5,4.6,ude@example.net,04193409649,55
A0429,Gunbir Chaudry,Male,6,Ahmedabad,Residential,3.0,4.7,panditomkaar@example.org,01090889143,75
A0430,Raagini Ramanathan,Female,5,Bhubaneswar,Industrial,3.0,3.6,mittallipika@example.net,8724698558,55
A0431,Qarin Ahuja,Male,12,Chandigarh,Luxury Villas,3.5,3.8,ladshravya@example.org,07328691029,70
A0432,Harshil Apte,Male,11,Ahmedabad,Plots,3.5,3.5,ebakshi@example.net,03778835509,39
A0433,Quincy Mani,Male,18,Ranchi,Plots,4.5,4.2,maharajamol@example.org,+913011034657,25
A0434,Turvi Arya,Female,10,Ranchi,Industrial,4.0,4.6,nishagulati@example.org,00738817937,41
A0435,Samesh Agarwal,Male,6,Lucknow,Plots,3.5,4.9,amruta57@example.net,08291416885,34
A0436,Saanvi Misra,Female,17,Jaipur,Industrial,4.0,4.3,rayaanvarma@example.org,0535839547,21
A0437,Ranbir Sundaram,Male,14,Jaipur,Residential,5.0,5.0,dugalgabriel@example.net,+911042681562,77
A0438,Zehaan Dugal,Male,13,Bengaluru,Luxury Villas,4.0,3.7,christopher96@example.net,04053684359,24
A0439,Luke Parikh,Male,16,Pune,Plots,5.0,3.6,solankiayushman@example.net,+912543133001,42
A0440,Mohini Chandran,Female,16,Bengaluru,Industrial,4.5,4.3,rishi25@example.org,05870468620,47
A0441,Michael Bhatnagar,Male,1,Ranchi,Apartments,2.5,4.5,fiyazsolanki@example.com,+910379491730,66
A0442,Pratyush Talwar,Male,8,Patna,Apartments,4.0,4.3,cviswanathan@example.net,3799470158,39
A0443,Manya Bora,Female,2,Pune,Luxury Villas,2.5,3.5,zarya@example.net,+918611947008,20
A0444,Reva Goel,Female,12,Bengaluru,Commercial,3.5,4.3,qjhaveri@example.net,9025518438,49
A0445,Fiyaz Deo,Male,17,Kochi,Luxury Villas,4.0,3.8,riakalla@example.com,1186886879,48
A0446,Chandani Patla,Female,2,Lucknow,Plots,1.5,4.6,comarchanakya@example.net,6172759734,79
A0447,Ubika Khare,Female,5,Ranchi,Luxury Villas,2.5,4.4,yparmer@example.com,+918345323405,40
A0448,Abeer Dutt,Male,5,Ranchi,Apartments,3.5,3.9,chandaarnav@example.com,8518101573,35
A0449,Yutika Raja,Female,8,Bhubaneswar,Commercial,4.0,4.1,yuvraj22@example.org,07274600094,39
A0450,Maanas Misra,Male,5,Kolkata,Residential,2.5,3.9,mahalfariq@example.com,1175112478,26
A0451,Tanay Sekhon,Male,5,Bhubaneswar,Luxury Villas,3.5,4.3,beraupma@example.com,5094013689,55
A0452,Daniel Mane,Male,18,Jaipur,Industrial,4.5,4.7,garima06@example.net,4724861794,42
A0453,Ishaan Borah,Male,18,Chennai,Industrial,4.0,3.9,ekapad67@example.com,+916887284704,43
A0454,Vivaan Mann,Male,3,Patna,Plots,1.5,4.5,manan00@example.net,+916502369526,53
A0455,Ekavir Bhat,Male,20,Patna,Commercial,4.5,4.1,dasguptaanita@example.net,+910372768837,73
A0456,Sathvik Chakraborty,Male,13,Bhubaneswar,Commercial,5.0,4.0,shankartamanna@example.net,+913482576957,77
A0457,Isaiah Barad,Male,19,Jaipur,Apartments,4.0,4.3,rpillai@example.org,4321842284,56
A0458,Yagnesh Sinha,Male,2,Bhubaneswar,Apartments,2.0,3.9,ria77@example.com,9223690565,62
A0459,Zinal Karpe,Female,7,Chandigarh,Plots,3.0,4.1,ssinha@example.net,+910073412855,58
A0460,Yashoda Dixit,Female,7,Delhi,Plots,3.0,3.8,umani@example.org,+917185137254,56
A0461,Netra Lala,Female,6,Chandigarh,Residential,2.5,5.0,ishanvichoudhary@example.org,02123021376,36
A0462,Tarak Raghavan,Male,20,Jaipur,Apartments,4.0,4.3,balendra65@example.com,8500471225,36
A0463,Advay Bobal,Male,5,Ranchi,Residential,2.5,4.0,vbansal@example.org,1716594071,18
A0464,Pavani Kunda,Female,8,Pune,Industrial,4.0,4.4,upadhritiaggarwal@example.com,+919812029524,31
A0465,Forum Bora,Female,3,Jaipur,Apartments,1.5,4.3,cheemajanya@example.net,07626033229,18
A0466,Anthony Kashyap,Male,12,Chandigarh,Residential,4.0,4.2,danielzachariah@example.org,08930982919,22
A0467,Isaac Konda,Male,18,Ranchi,Industrial,4.5,4.5,ysinghal@example.net,03581401615,36
A0468,Rachana Kashyap,Female,8,Kolkata,Residential,4.0,4.6,amblesimon@example.com,05086638780,29
A0469,Karan Sha,Male,13,Bhubaneswar,Commercial,4.5,4.1,kotavihaan@example.net,+911497437325,30
A0470,Harinakshi Mandal,Female,10,Chandigarh,Residential,4.0,4.1,vihaan96@example.com,+911112038270,52
A0471,Kala Peri,Female,16,Jaipur,Luxury Villas,4.0,4.2,nsane@example.org,06185798440,80
A0472,Umang Sachdev,Male,15,Delhi,Plots,4.5,3.4,gaurangthakkar@example.org,+919541531580,17
A0473,Reva Gaba,Female,8,Chennai,Commercial,4.0,3.7,nihalkurian@example.com,08926892942,42
A0474,Oscar Mistry,Male,12,Jaipur,Commercial,4.0,4.8,daliarayaan@example.org,06054693048,64
A0475,Zaitra Sant,Female,19,Bhubaneswar,Luxury Villas,5.0,5.0,dubeakshay@example.org,7270592481,49
A0476,Saanvi Kara,Female,4,Jaipur,Plots,3.0,4.2,yashvi63@example.net,7485321755,59
A0477,Rachana Mistry,Female,17,Mumbai,Industrial,5.0,4.5,nayakradha@example.org,07271651910,22
A0478,Zehaan Rattan,Male,2,Kochi,Commercial,1.5,4.4,ybassi@example.com,+912014700411,76
A0479,Manbir Om,Male,9,Mumbai,Commercial,4.0,5.0,bvarughese@example.com,02084519245,16
A0480,Ansh Yohannan,Male,18,Chennai,Apartments,5.0,4.7,devansh05@example.net,08465349692,63
A0481,Radha Narayanan,Female,3,Chennai,Apartments,2.5,4.2,purohitquincy@example.net,05665821304,21
A0482,Farhan Salvi,Male,16,Bhubaneswar,Apartments,5.0,3.9,lataoliver@example.com,09231720015,79
A0483,Raksha Vala,Female,19,Ranchi,Industrial,4.0,3.7,vnagi@example.net,+917447164253,55
A0484,Chakrika Pau,Female,6,Mumbai,Industrial,3.5,4.4,sekhonabeer@example.org,06517132510,76
A0485,Niharika Sagar,Female,12,Hyderabad,Plots,4.0,4.0,xmistry@example.org,03659563756,32
A0486,Logan Gokhale,Male,10,Bhubaneswar,Apartments,4.0,3.7,benjamin87@example.org,+915684449016,74
A0487,Gopal Divan,Male,19,Pune,Commercial,4.0,4.0,vedhika46@example.net,1061413665,23
A0488,Raksha Karpe,Female,9,Bhubaneswar,Luxury Villas,3.5,3.9,hemaldasgupta@example.org,+913294490538,66
A0489,Netra Chandran,Female,8,Chandigarh,Luxury Villas,3.5,5.0,deepadani@example.org,8185445373,71
A0490,Yashoda Bail,Female,1,Delhi,Residential,2.5,4.7,srinivasjacob@example.com,+918460242745,66
A0491,Nidhi Gaba,Female,12,Ranchi,Residential,3.5,4.3,tejasdatta@example.org,+910517809160,77
A0492,Sai Ravel,Female,13,Hyderabad,Commercial,5.0,4.9,balendra90@example.net,09160906633,52
A0493,Orinder Gola,Male,6,Kochi,Industrial,3.0,4.3,tankharinakshi@example.com,+914616629097,41
A0494,Urishilla Krish,Female,1,Patna,Commercial,2.5,4.0,asankaran@example.com,+912281482909,62
A0495,Yadavi Sule,Female,12,Patna,Apartments,4.0,4.9,njoshi@example.org,4863959845,49
A0496,Falak Contractor,Female,5,Chennai,Plots,3.5,4.5,narasimhanrohan@example.net,6288550781,33
A0497,Ria Comar,Female,9,Kolkata,Apartments,4.0,3.9,anvi75@example.org,0603574696,15
A0498,Wahab Chandran,Male,10,Chennai,Plots,3.5,4.2,omisha94@example.com,06720609505,16
A0499,Deepa Sengupta,Female,13,Jaipur,Industrial,4.5,3.9,lukekulkarni@example.org,05448039816,34
A0500,Idika Ramachandran,Female,8,Chennai,Apartments,3.5,3.7,rachita44@example.org,04482737578,27
